text,category
Public toilets near MG Road park are unhygienic and need cleaning.,Parks & Public Spaces
"Low water pressure in Lake View Colony, tank not filling up properly.",Water Supply
"Low water pressure in Ring Road, tank not filling up properly.",Water Supply
Streetlight pole near Ring Road is damaged and hanging loose.,Street Lighting
Frequent power cuts in Hill View for the past week.,Electricity
Voltage fluctuation in Patel Nagar is damaging home appliances.,Electricity
Drainage near Green Park is blocked and overflowing onto the road.,Drainage
Streetlight pole near MG Road is damaged and hanging loose.,Street Lighting
"Street transformer near Old Town is sparking, very dangerous.",Electricity
There is a huge pothole on the main road near Gandhi Nagar causing accidents.,Roads
Flickering streetlights near MG Road need urgent repair.,Street Lighting
Illegal parking near Old Town is blocking emergency vehicle access.,Public Safety
Overflowing garbage bin near Gandhi Nagar creating a health hazard.,Garbage
"No proper lighting in Lake View Colony park, unsafe for evening walkers.",Parks & Public Spaces
Garbage truck skipped Hill View street again this week.,Garbage
Sewage water stagnating near Old Town due to broken drain.,Drainage
Sewage water stagnating near Ring Road due to broken drain.,Drainage
Fire safety equipment missing in Sector 12 public building.,Public Safety
"Speed breakers on Central Market road are broken and unmarked, dangerous at night.",Roads
"Speed breakers on Sector 12 road are broken and unmarked, dangerous at night.",Roads
Playground equipment in Ring Road park is broken and rusted.,Parks & Public Spaces
"Unauthorized construction near Gandhi Nagar blocking the road, safety risk.",Public Safety
Flickering streetlights near Hill View need urgent repair.,Street Lighting
Drain overflow near Gandhi Nagar flooding houses during rain.,Drainage
"Loose electrical cables hanging near Ring Road bus stop, safety hazard.",Public Safety
Illegal dumping of waste near Ring Road attracting stray animals.,Garbage
The water coming from the tap in Central Market is muddy and smells bad.,Water Supply
Overflowing garbage bin near Riverside creating a health hazard.,Garbage
"Unauthorized construction near Lake View Colony blocking the road, safety risk.",Public Safety
"MG Road road is completely dark at night, no functioning streetlights.",Street Lighting
Foul smell from clogged drainage system in Central Market.,Drainage
Water pipeline near Industrial Estate is leaking and wasting a lot of water.,Water Supply
"New streetlights needed near Hill View, area is unsafe after dark.",Street Lighting
Broken boundary wall near Gandhi Nagar school poses risk to children.,Public Safety
Bad smell from uncollected trash near Gandhi Nagar market.,Garbage
Street lights near Lake View Colony have not worked for two weeks.,Street Lighting
No water supply in Riverside for the last three days.,Water Supply
Broken boundary wall near Lake View Colony school poses risk to children.,Public Safety
Illegal dumping of waste near Hill View attracting stray animals.,Garbage
Water pipeline near Sector 12 is leaking and wasting a lot of water.,Water Supply
"Speed breakers on MG Road road are broken and unmarked, dangerous at night.",Roads
"Exposed electrical wires near Lake View Colony, risk of electrocution.",Electricity
"Plastic waste burning near Ring Road, causing air pollution.",Garbage
"Stray dogs near Lake View Colony are attacking pedestrians, urgent action needed.",Public Safety
Benches in Riverside park are damaged and need replacement.,Parks & Public Spaces
"Plastic waste burning near Industrial Estate, causing air pollution.",Garbage
"Irregular water supply timings in Green Park, no prior notice given.",Water Supply
"Stray dogs near Green Park are attacking pedestrians, urgent action needed.",Public Safety
"Stray dogs near Gandhi Nagar are attacking pedestrians, urgent action needed.",Public Safety
"Manhole cover missing near Ring Road, very dangerous at night.",Drainage
Open drain near Riverside is a safety hazard for children.,Drainage
Sewage water stagnating near Central Market due to broken drain.,Drainage
Water pipeline near Riverside is leaking and wasting a lot of water.,Water Supply
"The road near Gandhi Nagar is completely damaged after the rains, very hard to drive.",Roads
"Low water pressure in Riverside, tank not filling up properly.",Water Supply
Overflowing garbage bin near Patel Nagar creating a health hazard.,Garbage
Illegal dumping of waste near Industrial Estate attracting stray animals.,Garbage
"Road near Riverside has not been repaired for months, full of craters.",Roads
Bad smell from uncollected trash near Ring Road market.,Garbage
Benches in Patel Nagar park are damaged and need replacement.,Parks & Public Spaces
"New streetlights needed near Green Park, area is unsafe after dark.",Street Lighting
Street lights near Old Town have not worked for two weeks.,Street Lighting
"Green Park road is completely dark at night, no functioning streetlights.",Street Lighting
"No power supply in Riverside since morning, no update from department.",Electricity
Drain overflow near MG Road flooding houses during rain.,Drainage
Street lights near Riverside have not worked for two weeks.,Street Lighting
There is a huge pothole on the main road near Sector 12 causing accidents.,Roads
Playground equipment in Patel Nagar park is broken and rusted.,Parks & Public Spaces
Voltage fluctuation in Industrial Estate is damaging home appliances.,Electricity
The water coming from the tap in Ring Road is muddy and smells bad.,Water Supply
Overflowing garbage bin near MG Road creating a health hazard.,Garbage
Electric pole near Sector 12 is leaning and about to fall.,Electricity
Frequent power cuts in Patel Nagar for the past week.,Electricity
"New streetlights needed near MG Road, area is unsafe after dark.",Street Lighting
Garbage truck skipped Riverside street again this week.,Garbage
"Low water pressure in MG Road, tank not filling up properly.",Water Supply
Benches in Hill View park are damaged and need replacement.,Parks & Public Spaces
Illegal dumping of waste near Riverside attracting stray animals.,Garbage
"Street transformer near Green Park is sparking, very dangerous.",Electricity
Frequent power cuts in Gandhi Nagar for the past week.,Electricity
"Road near Sector 12 has not been repaired for months, full of craters.",Roads
Fire safety equipment missing in Old Town public building.,Public Safety
"Speed breakers on Lake View Colony road are broken and unmarked, dangerous at night.",Roads
Voltage fluctuation in Sector 12 is damaging home appliances.,Electricity
Illegal dumping of waste near Gandhi Nagar attracting stray animals.,Garbage
"Irregular water supply timings in Sector 12, no prior notice given.",Water Supply
Electric pole near Lake View Colony is leaning and about to fall.,Electricity
"No proper lighting in Gandhi Nagar park, unsafe for evening walkers.",Parks & Public Spaces
"Contaminated water supply reported in Old Town, people are falling sick.",Water Supply
"Street transformer near Lake View Colony is sparking, very dangerous.",Electricity
"Industrial Estate park is poorly maintained, overgrown with weeds.",Parks & Public Spaces
"Plastic waste burning near Patel Nagar, causing air pollution.",Garbage
"The road near Green Park is completely damaged after the rains, very hard to drive.",Roads
"Hill View park is poorly maintained, overgrown with weeds.",Parks & Public Spaces
Water pipeline near MG Road is leaking and wasting a lot of water.,Water Supply
The water coming from the tap in Old Town is muddy and smells bad.,Water Supply
Footpath near Central Market is broken and unsafe for pedestrians.,Roads
Electric pole near Old Town is leaning and about to fall.,Electricity
There is a huge pothole on the main road near Ring Road causing accidents.,Roads
"Loose electrical cables hanging near Old Town bus stop, safety hazard.",Public Safety
"Ring Road road is completely dark at night, no functioning streetlights.",Street Lighting
Playground equipment in Riverside park is broken and rusted.,Parks & Public Spaces
Garbage truck skipped Gandhi Nagar street again this week.,Garbage
Water pipeline near Green Park is leaking and wasting a lot of water.,Water Supply
"Low water pressure in Sector 12, tank not filling up properly.",Water Supply
Streetlight pole near Old Town is damaged and hanging loose.,Street Lighting
"Stray dogs near Ring Road are attacking pedestrians, urgent action needed.",Public Safety
"New streetlights needed near Lake View Colony, area is unsafe after dark.",Street Lighting
Fire safety equipment missing in Gandhi Nagar public building.,Public Safety
Open drain near Industrial Estate is a safety hazard for children.,Drainage
There is a huge pothole on the main road near Lake View Colony causing accidents.,Roads
Public toilets near Sector 12 park are unhygienic and need cleaning.,Parks & Public Spaces
The water coming from the tap in Green Park is muddy and smells bad.,Water Supply
Streetlight pole near Sector 12 is damaged and hanging loose.,Street Lighting
Flickering streetlights near Lake View Colony need urgent repair.,Street Lighting
Bad smell from uncollected trash near MG Road market.,Garbage
Benches in MG Road park are damaged and need replacement.,Parks & Public Spaces
"Old Town road is completely dark at night, no functioning streetlights.",Street Lighting
Public toilets near Hill View park are unhygienic and need cleaning.,Parks & Public Spaces
Playground equipment in Lake View Colony park is broken and rusted.,Parks & Public Spaces
Fire safety equipment missing in Riverside public building.,Public Safety
Benches in Ring Road park are damaged and need replacement.,Parks & Public Spaces
Bad smell from uncollected trash near Hill View market.,Garbage
"No power supply in Lake View Colony since morning, no update from department.",Electricity
"Manhole cover missing near Patel Nagar, very dangerous at night.",Drainage
Overflowing garbage bin near Ring Road creating a health hazard.,Garbage
Voltage fluctuation in Ring Road is damaging home appliances.,Electricity
Drain overflow near Lake View Colony flooding houses during rain.,Drainage
Bad smell from uncollected trash near Riverside market.,Garbage
"The road near Patel Nagar is completely damaged after the rains, very hard to drive.",Roads
"No power supply in Ring Road since morning, no update from department.",Electricity
Water pipeline near Gandhi Nagar is leaking and wasting a lot of water.,Water Supply
Public toilets near Industrial Estate park are unhygienic and need cleaning.,Parks & Public Spaces
"Lake View Colony park is poorly maintained, overgrown with weeds.",Parks & Public Spaces
Illegal parking near Central Market is blocking emergency vehicle access.,Public Safety
"No power supply in Hill View since morning, no update from department.",Electricity
"Exposed electrical wires near Ring Road, risk of electrocution.",Electricity
"Industrial Estate road is completely dark at night, no functioning streetlights.",Street Lighting
Playground equipment in Industrial Estate park is broken and rusted.,Parks & Public Spaces
"Manhole cover missing near Sector 12, very dangerous at night.",Drainage
"Exposed electrical wires near Gandhi Nagar, risk of electrocution.",Electricity
"Stray dogs near Sector 12 are attacking pedestrians, urgent action needed.",Public Safety
"Exposed electrical wires near Old Town, risk of electrocution.",Electricity
"Street transformer near Industrial Estate is sparking, very dangerous.",Electricity
"Loose electrical cables hanging near Central Market bus stop, safety hazard.",Public Safety
Newly laid road near Lake View Colony is already cracking and full of water.,Roads
Garbage has not been collected in Lake View Colony for over a week.,Garbage
No water supply in Gandhi Nagar for the last three days.,Water Supply
"Loose electrical cables hanging near Lake View Colony bus stop, safety hazard.",Public Safety
Flickering streetlights near Sector 12 need urgent repair.,Street Lighting
"The road near Hill View is completely damaged after the rains, very hard to drive.",Roads
"New streetlights needed near Central Market, area is unsafe after dark.",Street Lighting
No water supply in Old Town for the last three days.,Water Supply
"Road near Hill View has not been repaired for months, full of craters.",Roads
Footpath near Riverside is broken and unsafe for pedestrians.,Roads
Streetlight pole near Gandhi Nagar is damaged and hanging loose.,Street Lighting
"Plastic waste burning near Central Market, causing air pollution.",Garbage
Garbage has not been collected in Old Town for over a week.,Garbage
Street lights near Sector 12 have not worked for two weeks.,Street Lighting
Garbage has not been collected in MG Road for over a week.,Garbage
"No proper lighting in Hill View park, unsafe for evening walkers.",Parks & Public Spaces
"Manhole cover missing near Hill View, very dangerous at night.",Drainage
Flickering streetlights near Gandhi Nagar need urgent repair.,Street Lighting
Electric pole near MG Road is leaning and about to fall.,Electricity
There is a huge pothole on the main road near Hill View causing accidents.,Roads
"The road near MG Road is completely damaged after the rains, very hard to drive.",Roads
"Irregular water supply timings in Lake View Colony, no prior notice given.",Water Supply
Garbage has not been collected in Riverside for over a week.,Garbage
"Manhole cover missing near Green Park, very dangerous at night.",Drainage
"Road near Industrial Estate has not been repaired for months, full of craters.",Roads
"Speed breakers on Gandhi Nagar road are broken and unmarked, dangerous at night.",Roads
"Contaminated water supply reported in Industrial Estate, people are falling sick.",Water Supply
Illegal dumping of waste near Green Park attracting stray animals.,Garbage
"Stray dogs near Old Town are attacking pedestrians, urgent action needed.",Public Safety
"Riverside road is completely dark at night, no functioning streetlights.",Street Lighting
Drain overflow near Ring Road flooding houses during rain.,Drainage
"Manhole cover missing near Industrial Estate, very dangerous at night.",Drainage
Illegal parking near Green Park is blocking emergency vehicle access.,Public Safety
Electric pole near Hill View is leaning and about to fall.,Electricity
The water coming from the tap in Sector 12 is muddy and smells bad.,Water Supply
Sewage water stagnating near MG Road due to broken drain.,Drainage
"New streetlights needed near Industrial Estate, area is unsafe after dark.",Street Lighting
"Irregular water supply timings in Central Market, no prior notice given.",Water Supply
No water supply in Central Market for the last three days.,Water Supply
"Gandhi Nagar park is poorly maintained, overgrown with weeds.",Parks & Public Spaces
Footpath near Patel Nagar is broken and unsafe for pedestrians.,Roads
"No proper lighting in Green Park park, unsafe for evening walkers.",Parks & Public Spaces
Flickering streetlights near Central Market need urgent repair.,Street Lighting
"Green Park park is poorly maintained, overgrown with weeds.",Parks & Public Spaces
Footpath near MG Road is broken and unsafe for pedestrians.,Roads
Foul smell from clogged drainage system in Industrial Estate.,Drainage
Broken boundary wall near Riverside school poses risk to children.,Public Safety
"Plastic waste burning near Green Park, causing air pollution.",Garbage
Foul smell from clogged drainage system in Gandhi Nagar.,Drainage
"Unauthorized construction near Green Park blocking the road, safety risk.",Public Safety
Garbage truck skipped Ring Road street again this week.,Garbage
Drain overflow near Central Market flooding houses during rain.,Drainage
Open drain near Old Town is a safety hazard for children.,Drainage
Frequent power cuts in Central Market for the past week.,Electricity
Street lights near Central Market have not worked for two weeks.,Street Lighting
"Plastic waste burning near MG Road, causing air pollution.",Garbage
Garbage has not been collected in Industrial Estate for over a week.,Garbage
No water supply in Ring Road for the last three days.,Water Supply
Frequent power cuts in Ring Road for the past week.,Electricity
"Exposed electrical wires near Central Market, risk of electrocution.",Electricity
"Contaminated water supply reported in Riverside, people are falling sick.",Water Supply
"Speed breakers on Ring Road road are broken and unmarked, dangerous at night.",Roads
Electric pole near Central Market is leaning and about to fall.,Electricity
Broken boundary wall near Green Park school poses risk to children.,Public Safety
Illegal parking near Riverside is blocking emergency vehicle access.,Public Safety
Bad smell from uncollected trash near Green Park market.,Garbage
"Low water pressure in Gandhi Nagar, tank not filling up properly.",Water Supply
Garbage truck skipped Central Market street again this week.,Garbage
"Unauthorized construction near Patel Nagar blocking the road, safety risk.",Public Safety
"No proper lighting in Sector 12 park, unsafe for evening walkers.",Parks & Public Spaces
Fire safety equipment missing in Hill View public building.,Public Safety
Open drain near Gandhi Nagar is a safety hazard for children.,Drainage
Broken boundary wall near Industrial Estate school poses risk to children.,Public Safety
There is a huge pothole on the main road near MG Road causing accidents.,Roads
"Road near Lake View Colony has not been repaired for months, full of craters.",Roads
Streetlight pole near Lake View Colony is damaged and hanging loose.,Street Lighting
Illegal parking near Sector 12 is blocking emergency vehicle access.,Public Safety
Overflowing garbage bin near Central Market creating a health hazard.,Garbage
Frequent power cuts in Lake View Colony for the past week.,Electricity
Drain overflow near Hill View flooding houses during rain.,Drainage
Benches in Green Park park are damaged and need replacement.,Parks & Public Spaces
Newly laid road near Old Town is already cracking and full of water.,Roads
Voltage fluctuation in Gandhi Nagar is damaging home appliances.,Electricity
"Irregular water supply timings in Patel Nagar, no prior notice given.",Water Supply
"Contaminated water supply reported in Gandhi Nagar, people are falling sick.",Water Supply
Fire safety equipment missing in MG Road public building.,Public Safety
Street lights near Green Park have not worked for two weeks.,Street Lighting
Foul smell from clogged drainage system in Green Park.,Drainage
The water coming from the tap in Lake View Colony is muddy and smells bad.,Water Supply
"Irregular water supply timings in Old Town, no prior notice given.",Water Supply
"No proper lighting in MG Road park, unsafe for evening walkers.",Parks & Public Spaces
Garbage truck skipped Old Town street again this week.,Garbage
Drainage near Gandhi Nagar is blocked and overflowing onto the road.,Drainage
Drainage near Sector 12 is blocked and overflowing onto the road.,Drainage
Foul smell from clogged drainage system in Sector 12.,Drainage
"No power supply in Central Market since morning, no update from department.",Electricity
"Road near Green Park has not been repaired for months, full of craters.",Roads
Open drain near MG Road is a safety hazard for children.,Drainage
"The road near Riverside is completely damaged after the rains, very hard to drive.",Roads
Sewage water stagnating near Green Park due to broken drain.,Drainage
Drainage near Lake View Colony is blocked and overflowing onto the road.,Drainage
"Contaminated water supply reported in Ring Road, people are falling sick.",Water Supply
Drainage near Hill View is blocked and overflowing onto the road.,Drainage
Broken boundary wall near Old Town school poses risk to children.,Public Safety
"Loose electrical cables hanging near Gandhi Nagar bus stop, safety hazard.",Public Safety
Newly laid road near Ring Road is already cracking and full of water.,Roads
"No power supply in Green Park since morning, no update from department.",Electricity
"Contaminated water supply reported in Lake View Colony, people are falling sick.",Water Supply
"Unauthorized construction near Sector 12 blocking the road, safety risk.",Public Safety
Foul smell from clogged drainage system in Patel Nagar.,Drainage
Newly laid road near Gandhi Nagar is already cracking and full of water.,Roads
Newly laid road near MG Road is already cracking and full of water.,Roads
"Exposed electrical wires near Green Park, risk of electrocution.",Electricity
No water supply in Sector 12 for the last three days.,Water Supply
Public toilets near Riverside park are unhygienic and need cleaning.,Parks & Public Spaces
"Street transformer near Ring Road is sparking, very dangerous.",Electricity
"MG Road park is poorly maintained, overgrown with weeds.",Parks & Public Spaces
"Loose electrical cables hanging near Green Park bus stop, safety hazard.",Public Safety
Footpath near Ring Road is broken and unsafe for pedestrians.,Roads
Public toilets near Lake View Colony park are unhygienic and need cleaning.,Parks & Public Spaces
Open drain near Sector 12 is a safety hazard for children.,Drainage
Newly laid road near Patel Nagar is already cracking and full of water.,Roads
Footpath near Green Park is broken and unsafe for pedestrians.,Roads
Garbage has not been collected in Patel Nagar for over a week.,Garbage
Sewage water stagnating near Patel Nagar due to broken drain.,Drainage
Voltage fluctuation in Riverside is damaging home appliances.,Electricity
"Street transformer near Riverside is sparking, very dangerous.",Electricity
Playground equipment in Hill View park is broken and rusted.,Parks & Public Spaces
"Unauthorized construction near Industrial Estate blocking the road, safety risk.",Public Safety
Drainage near Ring Road is blocked and overflowing onto the road.,Drainage
Illegal parking near Industrial Estate is blocking emergency vehicle access.,Public Safety
